LR_raw;LR;SV_RAW;SV;DIST;SERIES
0;0;109;109;2;A: at leak origin
0;0;61;61;2;A: at leak origin
0;0;96;96;2;A: at leak origin
0;0;91;91;2;A: at leak origin
1;0,36;5710;5601;2;A: at leak origin
1;0,36;4567;4458;2;A: at leak origin
1;0,36;3355;3246;2;A: at leak origin
1;0,36;4474;4365;2;A: at leak origin
1;0,36;4842;4733;2;A: at leak origin
1;0,36;4368;4259;2;A: at leak origin
1;0,36;4661;4552;2;A: at leak origin
1;0,36;5036;4927;2;A: at leak origin
1;0,36;5236;5127;2;A: at leak origin
1;0,36;5220;5111;2;A: at leak origin
1;0,36;5566;5457;2;A: at leak origin
1;0,36;5896;5787;2;A: at leak origin
1;0,36;6219;6110;2;A: at leak origin
1;0,36;5536;5427;2;A: at leak origin
1;0,36;5107;4998;2;A: at leak origin
1;0,36;5833;5724;2;A: at leak origin
1;0,36;5108;4999;2;A: at leak origin
1;0,36;4695;4586;2;A: at leak origin
1;0,36;5135;5026;2;A: at leak origin
1;0,36;5015;4906;2;A: at leak origin
1;0,36;5647;5538;2;A: at leak origin
1;0,36;5914;5805;2;A: at leak origin
1;0,36;6032;5923;2;A: at leak origin
1;0,36;6276;6167;2;A: at leak origin
1;0,36;5887;5778;2;A: at leak origin
1;0,36;6418;6309;2;A: at leak origin
1;0,36;6238;6129;2;A: at leak origin
1;0,36;6077;5968;2;A: at leak origin
1;0,36;6400;6291;2;A: at leak origin
1;0,36;6329;6220;2;A: at leak origin
1;0,36;6215;6106;2;A: at leak origin
1;0,36;5900;5791;2;A: at leak origin
1;0,36;5959;5850;2;A: at leak origin
1;0,36;5754;5645;2;A: at leak origin
1;0,36;5897;5788;2;A: at leak origin
1;0,36;5651;5542;2;A: at leak origin
1;0,36;5638;5529;2;A: at leak origin
1;0,36;5480;5371;2;A: at leak origin
1;0,36;5449;5340;2;A: at leak origin
1;0,36;5381;5272;2;A: at leak origin
1;0,36;4914;4805;2;A: at leak origin
1;0,36;4697;4588;2;A: at leak origin
1;0,36;5596;5487;2;A: at leak origin
1;0,36;5564;5455;2;A: at leak origin
1;0,36;6101;5992;2;A: at leak origin
1;0,36;5912;5803;2;A: at leak origin
1;0,36;6300;6191;2;A: at leak origin
1;0,36;6099;5990;2;A: at leak origin
1;0,36;6158;6049;2;A: at leak origin
1;0,36;5936;5827;2;A: at leak origin
1;0,36;5694;5585;2;A: at leak origin
1;0,36;6041;5932;2;A: at leak origin
1;0,36;5959;5850;2;A: at leak origin
1;0,36;4890;4781;2;A: at leak origin
1;0,36;4453;4344;2;A: at leak origin
1;0,36;5211;5102;2;A: at leak origin
1;0,36;5316;5207;2;A: at leak origin
1;0,36;6196;6087;2;A: at leak origin
1;0,36;5521;5412;2;A: at leak origin
1;0,36;5968;5859;2;A: at leak origin
1;0,36;6281;6172;2;A: at leak origin
1;0,36;5779;5670;2;A: at leak origin
1;0,36;5136;5027;2;A: at leak origin
1;0,36;4558;4449;2;A: at leak origin
1;0,36;5337;5228;2;A: at leak origin
1;0,36;5537;5428;2;A: at leak origin
1;0,36;4824;4715;2;A: at leak origin
1;0,36;5432;5323;2;A: at leak origin
1;0,36;5458;5349;2;A: at leak origin
1;0,36;5679;5570;2;A: at leak origin
1;0,36;5415;5306;2;A: at leak origin
1;0,36;5956;5847;2;A: at leak origin
1;0,36;6273;6164;2;A: at leak origin
1;0,36;5605;5496;2;A: at leak origin
1;0,36;4870;4761;2;A: at leak origin
1;0,36;5895;5786;2;A: at leak origin
1;0,36;6338;6229;2;A: at leak origin
1;0,36;6144;6035;2;A: at leak origin
1;0,36;5813;5704;2;A: at leak origin
1;0,36;5690;5581;2;A: at leak origin
1;0,36;5659;5550;2;A: at leak origin
1;0,36;4846;4737;2;A: at leak origin
1;0,36;3954;3845;2;A: at leak origin
1;0,36;3874;3765;2;A: at leak origin
1;0,36;4790;4681;2;A: at leak origin
1;0,36;5058;4949;2;A: at leak origin
1;0,36;5258;5149;2;A: at leak origin
1;0,36;4012;3903;2;A: at leak origin
1;0,36;3223;3114;2;A: at leak origin
1;0,36;2453;2344;2;A: at leak origin
1;0,36;2960;2851;2;A: at leak origin
1;0,36;3803;3694;2;A: at leak origin
1;0,36;4997;4888;2;A: at leak origin
1;0,36;4274;4165;2;A: at leak origin
1;0,36;5828;5719;2;A: at leak origin
1;0,36;6175;6066;2;A: at leak origin
1;0,36;4902;4793;2;A: at leak origin
1;0,36;3151;3042;2;A: at leak origin
1;0,36;3914;3805;2;A: at leak origin
1;0,36;4622;4513;2;A: at leak origin
1;0,36;3593;3484;2;A: at leak origin
1;0,36;2913;2804;2;A: at leak origin
2;0,72;5941;5880;2;A: at leak origin
2;0,72;6325;6264;2;A: at leak origin
2;0,72;6551;6490;2;A: at leak origin
2;0,72;6247;6186;2;A: at leak origin
2;0,72;5908;5847;2;A: at leak origin
2;0,72;5442;5381;2;A: at leak origin
2;0,72;5196;5135;2;A: at leak origin
2;0,72;5154;5093;2;A: at leak origin
2;0,72;5704;5643;2;A: at leak origin
2;0,72;5551;5490;2;A: at leak origin
2;0,72;5400;5339;2;A: at leak origin
2;0,72;5322;5261;2;A: at leak origin
2;0,72;5250;5189;2;A: at leak origin
2;0,72;5999;5938;2;A: at leak origin
2;0,72;6320;6259;2;A: at leak origin
2;0,72;5428;5367;2;A: at leak origin
2;0,72;5081;5020;2;A: at leak origin
2;0,72;5622;5561;2;A: at leak origin
2;0,72;5886;5825;2;A: at leak origin
2;0,72;5579;5518;2;A: at leak origin
2;0,72;5287;5226;2;A: at leak origin
2;0,72;5959;5898;2;A: at leak origin
2;0,72;6058;5997;2;A: at leak origin
2;0,72;5702;5641;2;A: at leak origin
2;0,72;6258;6197;2;A: at leak origin
2;0,72;6208;6147;2;A: at leak origin
2;0,72;6106;6045;2;A: at leak origin
2;0,72;6288;6227;2;A: at leak origin
2;0,72;6459;6398;2;A: at leak origin
2;0,72;6104;6043;2;A: at leak origin
2;0,72;6394;6333;2;A: at leak origin
2;0,72;6449;6388;2;A: at leak origin
2;0,72;6112;6051;2;A: at leak origin
2;0,72;5783;5722;2;A: at leak origin
2;0,72;5745;5684;2;A: at leak origin
2;0,72;5729;5668;2;A: at leak origin
2;0,72;6571;6510;2;A: at leak origin
2;0,72;6396;6335;2;A: at leak origin
2;0,72;6551;6490;2;A: at leak origin
2;0,72;6467;6406;2;A: at leak origin
2;0,72;6526;6465;2;A: at leak origin
2;0,72;6436;6375;2;A: at leak origin
2;0,72;5949;5888;2;A: at leak origin
2;0,72;5083;5022;2;A: at leak origin
2;0,72;4868;4807;2;A: at leak origin
2;0,72;6018;5957;2;A: at leak origin
2;0,72;6072;6011;2;A: at leak origin
2;0,72;5732;5671;2;A: at leak origin
2;0,72;5490;5429;2;A: at leak origin
2;0,72;5139;5078;2;A: at leak origin
2;0,72;5903;5842;2;A: at leak origin
2;0,72;5484;5423;2;A: at leak origin
2;0,72;5352;5291;2;A: at leak origin
2;0,72;4942;4881;2;A: at leak origin
2;0,72;6142;6081;2;A: at leak origin
2;0,72;5948;5887;2;A: at leak origin
2;0,72;6038;5977;2;A: at leak origin
2;0,72;6133;6072;2;A: at leak origin
2;0,72;5670;5609;2;A: at leak origin
2;0,72;5922;5861;2;A: at leak origin
2;0,72;5574;5513;2;A: at leak origin
2;0,72;5513;5452;2;A: at leak origin
2;0,72;4939;4878;2;A: at leak origin
2;0,72;5054;4993;2;A: at leak origin
2;0,72;4537;4476;2;A: at leak origin
2;0,72;4861;4800;2;A: at leak origin
2;0,72;5133;5072;2;A: at leak origin
2;0,72;5239;5178;2;A: at leak origin
2;0,72;5557;5496;2;A: at leak origin
2;0,72;5825;5764;2;A: at leak origin
2;0,72;4870;4809;2;A: at leak origin
2;0,72;5211;5150;2;A: at leak origin
2;0,72;6073;6012;2;A: at leak origin
2;0,72;6238;6177;2;A: at leak origin
2;0,72;5594;5533;2;A: at leak origin
2;0,72;6049;5988;2;A: at leak origin
2;0,72;5872;5811;2;A: at leak origin
2;0,72;6120;6059;2;A: at leak origin
2;0,72;5317;5256;2;A: at leak origin
2;0,72;5444;5383;2;A: at leak origin
2;0,72;5691;5630;2;A: at leak origin
2;0,72;5776;5715;2;A: at leak origin
2;0,72;4688;4627;2;A: at leak origin
2;0,72;3692;3631;2;A: at leak origin
2;0,72;4777;4716;2;A: at leak origin
2;0,72;5416;5355;2;A: at leak origin
2;0,72;5069;5008;2;A: at leak origin
2;0,72;4638;4577;2;A: at leak origin
2;0,72;5245;5184;2;A: at leak origin
2;0,72;5659;5598;2;A: at leak origin
2;0,72;6282;6221;2;A: at leak origin
2;0,72;6063;6002;2;A: at leak origin
2;0,72;5818;5757;2;A: at leak origin
2;0,72;5278;5217;2;A: at leak origin
2;0,72;5854;5793;2;A: at leak origin
2;0,72;5687;5626;2;A: at leak origin
2;0,72;5299;5238;2;A: at leak origin
2;0,72;5196;5135;2;A: at leak origin
2;0,72;5450;5389;2;A: at leak origin
2;0,72;5135;5074;2;A: at leak origin
2;0,72;5305;5244;2;A: at leak origin
3;1,08;6011;5915;2;A: at leak origin
3;1,08;6370;6274;2;A: at leak origin
3;1,08;6110;6014;2;A: at leak origin
3;1,08;5967;5871;2;A: at leak origin
3;1,08;6083;5987;2;A: at leak origin
3;1,08;6427;6331;2;A: at leak origin
3;1,08;6095;5999;2;A: at leak origin
3;1,08;6199;6103;2;A: at leak origin
3;1,08;5756;5660;2;A: at leak origin
3;1,08;6189;6093;2;A: at leak origin
3;1,08;6550;6454;2;A: at leak origin
3;1,08;6533;6437;2;A: at leak origin
3;1,08;6096;6000;2;A: at leak origin
3;1,08;6272;6176;2;A: at leak origin
3;1,08;5828;5732;2;A: at leak origin
3;1,08;5941;5845;2;A: at leak origin
3;1,08;5880;5784;2;A: at leak origin
3;1,08;5680;5584;2;A: at leak origin
3;1,08;5195;5099;2;A: at leak origin
3;1,08;5289;5193;2;A: at leak origin
3;1,08;5842;5746;2;A: at leak origin
3;1,08;5636;5540;2;A: at leak origin
3;1,08;5208;5112;2;A: at leak origin
3;1,08;5241;5145;2;A: at leak origin
3;1,08;5582;5486;2;A: at leak origin
3;1,08;5313;5217;2;A: at leak origin
3;1,08;5704;5608;2;A: at leak origin
3;1,08;5749;5653;2;A: at leak origin
3;1,08;5152;5056;2;A: at leak origin
3;1,08;5171;5075;2;A: at leak origin
3;1,08;5282;5186;2;A: at leak origin
3;1,08;5397;5301;2;A: at leak origin
3;1,08;5191;5095;2;A: at leak origin
3;1,08;5324;5228;2;A: at leak origin
3;1,08;5064;4968;2;A: at leak origin
3;1,08;5511;5415;2;A: at leak origin
3;1,08;5186;5090;2;A: at leak origin
3;1,08;5036;4940;2;A: at leak origin
3;1,08;5191;5095;2;A: at leak origin
3;1,08;5193;5097;2;A: at leak origin
3;1,08;5325;5229;2;A: at leak origin
3;1,08;6439;6343;2;A: at leak origin
3;1,08;6178;6082;2;A: at leak origin
3;1,08;5581;5485;2;A: at leak origin
3;1,08;5232;5136;2;A: at leak origin
3;1,08;5583;5487;2;A: at leak origin
3;1,08;6375;6279;2;A: at leak origin
3;1,08;5441;5345;2;A: at leak origin
3;1,08;5843;5747;2;A: at leak origin
3;1,08;5449;5353;2;A: at leak origin
3;1,08;5600;5504;2;A: at leak origin
3;1,08;6252;6156;2;A: at leak origin
3;1,08;6151;6055;2;A: at leak origin
3;1,08;6421;6325;2;A: at leak origin
3;1,08;6533;6437;2;A: at leak origin
3;1,08;6417;6321;2;A: at leak origin
3;1,08;6307;6211;2;A: at leak origin
3;1,08;6481;6385;2;A: at leak origin
3;1,08;6557;6461;2;A: at leak origin
3;1,08;6417;6321;2;A: at leak origin
3;1,08;6162;6066;2;A: at leak origin
3;1,08;5871;5775;2;A: at leak origin
3;1,08;6055;5959;2;A: at leak origin
3;1,08;5551;5455;2;A: at leak origin
3;1,08;5914;5818;2;A: at leak origin
3;1,08;5642;5546;2;A: at leak origin
3;1,08;6133;6037;2;A: at leak origin
3;1,08;6337;6241;2;A: at leak origin
3;1,08;5640;5544;2;A: at leak origin
3;1,08;5558;5462;2;A: at leak origin
3;1,08;5512;5416;2;A: at leak origin
3;1,08;5248;5152;2;A: at leak origin
3;1,08;5647;5551;2;A: at leak origin
3;1,08;5904;5808;2;A: at leak origin
3;1,08;6072;5976;2;A: at leak origin
3;1,08;6420;6324;2;A: at leak origin
3;1,08;6153;6057;2;A: at leak origin
3;1,08;5844;5748;2;A: at leak origin
3;1,08;5938;5842;2;A: at leak origin
3;1,08;6370;6274;2;A: at leak origin
3;1,08;6799;6703;2;A: at leak origin
3;1,08;6761;6665;2;A: at leak origin
3;1,08;6269;6173;2;A: at leak origin
3;1,08;6256;6160;2;A: at leak origin
3;1,08;6100;6004;2;A: at leak origin
3;1,08;6147;6051;2;A: at leak origin
3;1,08;6255;6159;2;A: at leak origin
3;1,08;6204;6108;2;A: at leak origin
3;1,08;6254;6158;2;A: at leak origin
3;1,08;6119;6023;2;A: at leak origin
3;1,08;5562;5466;2;A: at leak origin
3;1,08;5291;5195;2;A: at leak origin
3;1,08;5884;5788;2;A: at leak origin
3;1,08;5552;5456;2;A: at leak origin
3;1,08;5272;5176;2;A: at leak origin
3;1,08;5469;5373;2;A: at leak origin
3;1,08;5465;5369;2;A: at leak origin
3;1,08;6227;6131;2;A: at leak origin
3;1,08;6189;6093;2;A: at leak origin
3;1,08;6117;6021;2;A: at leak origin
3;1,08;6425;6329;2;A: at leak origin
3;1,08;6352;6256;2;A: at leak origin
4;1,44;5917;5826;2;A: at leak origin
4;1,44;5628;5537;2;A: at leak origin
4;1,44;5703;5612;2;A: at leak origin
4;1,44;5986;5895;2;A: at leak origin
4;1,44;6033;5942;2;A: at leak origin
4;1,44;6177;6086;2;A: at leak origin
4;1,44;5583;5492;2;A: at leak origin
4;1,44;5326;5235;2;A: at leak origin
4;1,44;5405;5314;2;A: at leak origin
4;1,44;5914;5823;2;A: at leak origin
4;1,44;5489;5398;2;A: at leak origin
4;1,44;6244;6153;2;A: at leak origin
4;1,44;6609;6518;2;A: at leak origin
4;1,44;6296;6205;2;A: at leak origin
4;1,44;6528;6437;2;A: at leak origin
4;1,44;6490;6399;2;A: at leak origin
4;1,44;6169;6078;2;A: at leak origin
4;1,44;6561;6470;2;A: at leak origin
4;1,44;6237;6146;2;A: at leak origin
4;1,44;6004;5913;2;A: at leak origin
4;1,44;5982;5891;2;A: at leak origin
4;1,44;6090;5999;2;A: at leak origin
4;1,44;5989;5898;2;A: at leak origin
4;1,44;6232;6141;2;A: at leak origin
4;1,44;6040;5949;2;A: at leak origin
4;1,44;5668;5577;2;A: at leak origin
4;1,44;5558;5467;2;A: at leak origin
4;1,44;5804;5713;2;A: at leak origin
4;1,44;5629;5538;2;A: at leak origin
4;1,44;6044;5953;2;A: at leak origin
4;1,44;6124;6033;2;A: at leak origin
4;1,44;6132;6041;2;A: at leak origin
4;1,44;6351;6260;2;A: at leak origin
4;1,44;5713;5622;2;A: at leak origin
4;1,44;5922;5831;2;A: at leak origin
4;1,44;5553;5462;2;A: at leak origin
4;1,44;4909;4818;2;A: at leak origin
4;1,44;4926;4835;2;A: at leak origin
4;1,44;5226;5135;2;A: at leak origin
4;1,44;5106;5015;2;A: at leak origin
4;1,44;5089;4998;2;A: at leak origin
4;1,44;4229;4138;2;A: at leak origin
4;1,44;5178;5087;2;A: at leak origin
4;1,44;5439;5348;2;A: at leak origin
4;1,44;5322;5231;2;A: at leak origin
4;1,44;5434;5343;2;A: at leak origin
4;1,44;5235;5144;2;A: at leak origin
4;1,44;5893;5802;2;A: at leak origin
4;1,44;5875;5784;2;A: at leak origin
4;1,44;6092;6001;2;A: at leak origin
4;1,44;6300;6209;2;A: at leak origin
4;1,44;6264;6173;2;A: at leak origin
4;1,44;6175;6084;2;A: at leak origin
4;1,44;6505;6414;2;A: at leak origin
4;1,44;6213;6122;2;A: at leak origin
4;1,44;6143;6052;2;A: at leak origin
4;1,44;6339;6248;2;A: at leak origin
4;1,44;6402;6311;2;A: at leak origin
4;1,44;6467;6376;2;A: at leak origin
4;1,44;6220;6129;2;A: at leak origin
4;1,44;5697;5606;2;A: at leak origin
4;1,44;5988;5897;2;A: at leak origin
4;1,44;6188;6097;2;A: at leak origin
4;1,44;5860;5769;2;A: at leak origin
4;1,44;5983;5892;2;A: at leak origin
4;1,44;6237;6146;2;A: at leak origin
4;1,44;6581;6490;2;A: at leak origin
4;1,44;6303;6212;2;A: at leak origin
4;1,44;6472;6381;2;A: at leak origin
4;1,44;6425;6334;2;A: at leak origin
4;1,44;6280;6189;2;A: at leak origin
4;1,44;5983;5892;2;A: at leak origin
4;1,44;6515;6424;2;A: at leak origin
4;1,44;6447;6356;2;A: at leak origin
4;1,44;6272;6181;2;A: at leak origin
4;1,44;5681;5590;2;A: at leak origin
4;1,44;5044;4953;2;A: at leak origin
4;1,44;4808;4717;2;A: at leak origin
4;1,44;4210;4119;2;A: at leak origin
4;1,44;5241;5150;2;A: at leak origin
4;1,44;5509;5418;2;A: at leak origin
4;1,44;6101;6010;2;A: at leak origin
4;1,44;5909;5818;2;A: at leak origin
4;1,44;4895;4804;2;A: at leak origin
4;1,44;4954;4863;2;A: at leak origin
4;1,44;5273;5182;2;A: at leak origin
4;1,44;5372;5281;2;A: at leak origin
4;1,44;5038;4947;2;A: at leak origin
4;1,44;4839;4748;2;A: at leak origin
4;1,44;5140;5049;2;A: at leak origin
4;1,44;4833;4742;2;A: at leak origin
4;1,44;4709;4618;2;A: at leak origin
4;1,44;5361;5270;2;A: at leak origin
4;1,44;5160;5069;2;A: at leak origin
4;1,44;5756;5665;2;A: at leak origin
4;1,44;5924;5833;2;A: at leak origin
4;1,44;6042;5951;2;A: at leak origin
4;1,44;5389;5298;2;A: at leak origin
4;1,44;4975;4884;2;A: at leak origin
4;1,44;5678;5587;2;A: at leak origin
4;1,44;5298;5207;2;A: at leak origin
4;1,44;5269;5178;2;A: at leak origin
0;0;51;51;4;A: at leak origin
0;0;51;51;4;A: at leak origin
0;0;51;51;4;A: at leak origin
0;0;122;122;4;A: at leak origin
1;0,36;5855;5804;4;A: at leak origin
1;0,36;5951;5900;4;A: at leak origin
1;0,36;5151;5100;4;A: at leak origin
1;0,36;5472;5421;4;A: at leak origin
1;0,36;5591;5540;4;A: at leak origin
1;0,36;4575;4524;4;A: at leak origin
1;0,36;3381;3330;4;A: at leak origin
1;0,36;3958;3907;4;A: at leak origin
1;0,36;4737;4686;4;A: at leak origin
1;0,36;5011;4960;4;A: at leak origin
1;0,36;4938;4887;4;A: at leak origin
1;0,36;5360;5309;4;A: at leak origin
1;0,36;5310;5259;4;A: at leak origin
1;0,36;5576;5525;4;A: at leak origin
1;0,36;4798;4747;4;A: at leak origin
1;0,36;5772;5721;4;A: at leak origin
1;0,36;4742;4691;4;A: at leak origin
1;0,36;4926;4875;4;A: at leak origin
1;0,36;5345;5294;4;A: at leak origin
1;0,36;4931;4880;4;A: at leak origin
1;0,36;5262;5211;4;A: at leak origin
1;0,36;4922;4871;4;A: at leak origin
1;0,36;5223;5172;4;A: at leak origin
1;0,36;4955;4904;4;A: at leak origin
1;0,36;4733;4682;4;A: at leak origin
1;0,36;4791;4740;4;A: at leak origin
1;0,36;5028;4977;4;A: at leak origin
1;0,36;5132;5081;4;A: at leak origin
1;0,36;4576;4525;4;A: at leak origin
1;0,36;4624;4573;4;A: at leak origin
1;0,36;5258;5207;4;A: at leak origin
1;0,36;5328;5277;4;A: at leak origin
1;0,36;5423;5372;4;A: at leak origin
1;0,36;5424;5373;4;A: at leak origin
1;0,36;4892;4841;4;A: at leak origin
1;0,36;4847;4796;4;A: at leak origin
1;0,36;4767;4716;4;A: at leak origin
1;0,36;3869;3818;4;A: at leak origin
1;0,36;3848;3797;4;A: at leak origin
1;0,36;4349;4298;4;A: at leak origin
1;0,36;4303;4252;4;A: at leak origin
1;0,36;4548;4497;4;A: at leak origin
1;0,36;4345;4294;4;A: at leak origin
1;0,36;3748;3697;4;A: at leak origin
1;0,36;2896;2845;4;A: at leak origin
1;0,36;2913;2862;4;A: at leak origin
1;0,36;3570;3519;4;A: at leak origin
1;0,36;4684;4633;4;A: at leak origin
1;0,36;5756;5705;4;A: at leak origin
1;0,36;5392;5341;4;A: at leak origin
1;0,36;5647;5596;4;A: at leak origin
1;0,36;6132;6081;4;A: at leak origin
1;0,36;6033;5982;4;A: at leak origin
1;0,36;6342;6291;4;A: at leak origin
1;0,36;5737;5686;4;A: at leak origin
1;0,36;5702;5651;4;A: at leak origin
1;0,36;5248;5197;4;A: at leak origin
1;0,36;4556;4505;4;A: at leak origin
1;0,36;4517;4466;4;A: at leak origin
1;0,36;4131;4080;4;A: at leak origin
1;0,36;3867;3816;4;A: at leak origin
1;0,36;3965;3914;4;A: at leak origin
1;0,36;3366;3315;4;A: at leak origin
1;0,36;2818;2767;4;A: at leak origin
1;0,36;3078;3027;4;A: at leak origin
1;0,36;3620;3569;4;A: at leak origin
1;0,36;4064;4013;4;A: at leak origin
1;0,36;4280;4229;4;A: at leak origin
1;0,36;3732;3681;4;A: at leak origin
1;0,36;3481;3430;4;A: at leak origin
1;0,36;4214;4163;4;A: at leak origin
1;0,36;4601;4550;4;A: at leak origin
1;0,36;4660;4609;4;A: at leak origin
1;0,36;4244;4193;4;A: at leak origin
1;0,36;4601;4550;4;A: at leak origin
1;0,36;5236;5185;4;A: at leak origin
1;0,36;4445;4394;4;A: at leak origin
1;0,36;4482;4431;4;A: at leak origin
1;0,36;5712;5661;4;A: at leak origin
1;0,36;5760;5709;4;A: at leak origin
1;0,36;5976;5925;4;A: at leak origin
1;0,36;5947;5896;4;A: at leak origin
1;0,36;5861;5810;4;A: at leak origin
1;0,36;5014;4963;4;A: at leak origin
1;0,36;5501;5450;4;A: at leak origin
1;0,36;5451;5400;4;A: at leak origin
1;0,36;5130;5079;4;A: at leak origin
1;0,36;5875;5824;4;A: at leak origin
1;0,36;5541;5490;4;A: at leak origin
1;0,36;5679;5628;4;A: at leak origin
1;0,36;5883;5832;4;A: at leak origin
1;0,36;5778;5727;4;A: at leak origin
1;0,36;4685;4634;4;A: at leak origin
1;0,36;4798;4747;4;A: at leak origin
1;0,36;5213;5162;4;A: at leak origin
1;0,36;5284;5233;4;A: at leak origin
1;0,36;5152;5101;4;A: at leak origin
1;0,36;5522;5471;4;A: at leak origin
1;0,36;5327;5276;4;A: at leak origin
1;0,36;5506;5455;4;A: at leak origin
1;0,36;5195;5144;4;A: at leak origin
1;0,36;5147;5096;4;A: at leak origin
1;0,36;4854;4803;4;A: at leak origin
2;0,72;5146;5095;4;A: at leak origin
2;0,72;5502;5451;4;A: at leak origin
2;0,72;5088;5037;4;A: at leak origin
2;0,72;4104;4053;4;A: at leak origin
2;0,72;3963;3912;4;A: at leak origin
2;0,72;3121;3070;4;A: at leak origin
2;0,72;2641;2590;4;A: at leak origin
2;0,72;2909;2858;4;A: at leak origin
2;0,72;3105;3054;4;A: at leak origin
2;0,72;3292;3241;4;A: at leak origin
2;0,72;3025;2974;4;A: at leak origin
2;0,72;3460;3409;4;A: at leak origin
2;0,72;3602;3551;4;A: at leak origin
2;0,72;3605;3554;4;A: at leak origin
2;0,72;4602;4551;4;A: at leak origin
2;0,72;5285;5234;4;A: at leak origin
2;0,72;5686;5635;4;A: at leak origin
2;0,72;5342;5291;4;A: at leak origin
2;0,72;5761;5710;4;A: at leak origin
2;0,72;6121;6070;4;A: at leak origin
2;0,72;6287;6236;4;A: at leak origin
2;0,72;6395;6344;4;A: at leak origin
2;0,72;6286;6235;4;A: at leak origin
2;0,72;6080;6029;4;A: at leak origin
2;0,72;6187;6136;4;A: at leak origin
2;0,72;4800;4749;4;A: at leak origin
2;0,72;3675;3624;4;A: at leak origin
2;0,72;4179;4128;4;A: at leak origin
2;0,72;4663;4612;4;A: at leak origin
2;0,72;4829;4778;4;A: at leak origin
2;0,72;5040;4989;4;A: at leak origin
2;0,72;5467;5416;4;A: at leak origin
2;0,72;5696;5645;4;A: at leak origin
2;0,72;4527;4476;4;A: at leak origin
2;0,72;4934;4883;4;A: at leak origin
2;0,72;5017;4966;4;A: at leak origin
2;0,72;4268;4217;4;A: at leak origin
2;0,72;5332;5281;4;A: at leak origin
2;0,72;6813;6762;4;A: at leak origin
2;0,72;6599;6548;4;A: at leak origin
2;0,72;6625;6574;4;A: at leak origin
2;0,72;6557;6506;4;A: at leak origin
2;0,72;6464;6413;4;A: at leak origin
2;0,72;6218;6167;4;A: at leak origin
2;0,72;6349;6298;4;A: at leak origin
2;0,72;6057;6006;4;A: at leak origin
2;0,72;4382;4331;4;A: at leak origin
2;0,72;3983;3932;4;A: at leak origin
2;0,72;3858;3807;4;A: at leak origin
2;0,72;4775;4724;4;A: at leak origin
2;0,72;5982;5931;4;A: at leak origin
2;0,72;5942;5891;4;A: at leak origin
2;0,72;4744;4693;4;A: at leak origin
2;0,72;5128;5077;4;A: at leak origin
2;0,72;4654;4603;4;A: at leak origin
2;0,72;5485;5434;4;A: at leak origin
2;0,72;4411;4360;4;A: at leak origin
2;0,72;4280;4229;4;A: at leak origin
2;0,72;5678;5627;4;A: at leak origin
2;0,72;6231;6180;4;A: at leak origin
2;0,72;6053;6002;4;A: at leak origin
2;0,72;5340;5289;4;A: at leak origin
2;0,72;5694;5643;4;A: at leak origin
2;0,72;5303;5252;4;A: at leak origin
2;0,72;5742;5691;4;A: at leak origin
2;0,72;5571;5520;4;A: at leak origin
2;0,72;5919;5868;4;A: at leak origin
2;0,72;5877;5826;4;A: at leak origin
2;0,72;5887;5836;4;A: at leak origin
2;0,72;6093;6042;4;A: at leak origin
2;0,72;6042;5991;4;A: at leak origin
2;0,72;6103;6052;4;A: at leak origin
2;0,72;6494;6443;4;A: at leak origin
2;0,72;6243;6192;4;A: at leak origin
2;0,72;6196;6145;4;A: at leak origin
2;0,72;6368;6317;4;A: at leak origin
2;0,72;5400;5349;4;A: at leak origin
2;0,72;4481;4430;4;A: at leak origin
2;0,72;5023;4972;4;A: at leak origin
2;0,72;6204;6153;4;A: at leak origin
2;0,72;5122;5071;4;A: at leak origin
2;0,72;3405;3354;4;A: at leak origin
2;0,72;3670;3619;4;A: at leak origin
2;0,72;4600;4549;4;A: at leak origin
2;0,72;4564;4513;4;A: at leak origin
2;0,72;4087;4036;4;A: at leak origin
2;0,72;4617;4566;4;A: at leak origin
2;0,72;4789;4738;4;A: at leak origin
2;0,72;4228;4177;4;A: at leak origin
2;0,72;3851;3800;4;A: at leak origin
2;0,72;4814;4763;4;A: at leak origin
2;0,72;4912;4861;4;A: at leak origin
2;0,72;3822;3771;4;A: at leak origin
2;0,72;3454;3403;4;A: at leak origin
2;0,72;3876;3825;4;A: at leak origin
2;0,72;4133;4082;4;A: at leak origin
2;0,72;3958;3907;4;A: at leak origin
2;0,72;3667;3616;4;A: at leak origin
2;0,72;3062;3011;4;A: at leak origin
2;0,72;4269;4218;4;A: at leak origin
2;0,72;4550;4499;4;A: at leak origin
2;0,72;3902;3851;4;A: at leak origin
3;1,08;5651;5600;4;A: at leak origin
3;1,08;6489;6438;4;A: at leak origin
3;1,08;7166;7115;4;A: at leak origin
3;1,08;7055;7004;4;A: at leak origin
3;1,08;6114;6063;4;A: at leak origin
3;1,08;4279;4228;4;A: at leak origin
3;1,08;4255;4204;4;A: at leak origin
3;1,08;4649;4598;4;A: at leak origin
3;1,08;4965;4914;4;A: at leak origin
3;1,08;4685;4634;4;A: at leak origin
3;1,08;4794;4743;4;A: at leak origin
3;1,08;4629;4578;4;A: at leak origin
3;1,08;4714;4663;4;A: at leak origin
3;1,08;5605;5554;4;A: at leak origin
3;1,08;6336;6285;4;A: at leak origin
3;1,08;5676;5625;4;A: at leak origin
3;1,08;5119;5068;4;A: at leak origin
3;1,08;5477;5426;4;A: at leak origin
3;1,08;5782;5731;4;A: at leak origin
3;1,08;6200;6149;4;A: at leak origin
3;1,08;6513;6462;4;A: at leak origin
3;1,08;6599;6548;4;A: at leak origin
3;1,08;6381;6330;4;A: at leak origin
3;1,08;6390;6339;4;A: at leak origin
3;1,08;5995;5944;4;A: at leak origin
3;1,08;6550;6499;4;A: at leak origin
3;1,08;6533;6482;4;A: at leak origin
3;1,08;6863;6812;4;A: at leak origin
3;1,08;6380;6329;4;A: at leak origin
3;1,08;4593;4542;4;A: at leak origin
3;1,08;4001;3950;4;A: at leak origin
3;1,08;4301;4250;4;A: at leak origin
3;1,08;4615;4564;4;A: at leak origin
3;1,08;5440;5389;4;A: at leak origin
3;1,08;5658;5607;4;A: at leak origin
3;1,08;4598;4547;4;A: at leak origin
3;1,08;4752;4701;4;A: at leak origin
3;1,08;4877;4826;4;A: at leak origin
3;1,08;5299;5248;4;A: at leak origin
3;1,08;5563;5512;4;A: at leak origin
3;1,08;6300;6249;4;A: at leak origin
3;1,08;6786;6735;4;A: at leak origin
3;1,08;5462;5411;4;A: at leak origin
3;1,08;5121;5070;4;A: at leak origin
3;1,08;4386;4335;4;A: at leak origin
3;1,08;3769;3718;4;A: at leak origin
3;1,08;4120;4069;4;A: at leak origin
3;1,08;3948;3897;4;A: at leak origin
3;1,08;4248;4197;4;A: at leak origin
3;1,08;4935;4884;4;A: at leak origin
3;1,08;5553;5502;4;A: at leak origin
3;1,08;5881;5830;4;A: at leak origin
3;1,08;5069;5018;4;A: at leak origin
3;1,08;5030;4979;4;A: at leak origin
3;1,08;5478;5427;4;A: at leak origin
3;1,08;5319;5268;4;A: at leak origin
3;1,08;5330;5279;4;A: at leak origin
3;1,08;5182;5131;4;A: at leak origin
3;1,08;4992;4941;4;A: at leak origin
3;1,08;5162;5111;4;A: at leak origin
3;1,08;6222;6171;4;A: at leak origin
3;1,08;6269;6218;4;A: at leak origin
3;1,08;5269;5218;4;A: at leak origin
3;1,08;5172;5121;4;A: at leak origin
3;1,08;3593;3542;4;A: at leak origin
3;1,08;2345;2294;4;A: at leak origin
3;1,08;3167;3116;4;A: at leak origin
3;1,08;4254;4203;4;A: at leak origin
3;1,08;3645;3594;4;A: at leak origin
3;1,08;4264;4213;4;A: at leak origin
3;1,08;5111;5060;4;A: at leak origin
3;1,08;5770;5719;4;A: at leak origin
3;1,08;6012;5961;4;A: at leak origin
3;1,08;5895;5844;4;A: at leak origin
3;1,08;6236;6185;4;A: at leak origin
3;1,08;6699;6648;4;A: at leak origin
3;1,08;6833;6782;4;A: at leak origin
3;1,08;6587;6536;4;A: at leak origin
3;1,08;6610;6559;4;A: at leak origin
3;1,08;6814;6763;4;A: at leak origin
3;1,08;6701;6650;4;A: at leak origin
3;1,08;6306;6255;4;A: at leak origin
3;1,08;5882;5831;4;A: at leak origin
3;1,08;6208;6157;4;A: at leak origin
3;1,08;6041;5990;4;A: at leak origin
3;1,08;5523;5472;4;A: at leak origin
3;1,08;5394;5343;4;A: at leak origin
3;1,08;4770;4719;4;A: at leak origin
3;1,08;4629;4578;4;A: at leak origin
3;1,08;5034;4983;4;A: at leak origin
3;1,08;4915;4864;4;A: at leak origin
3;1,08;4601;4550;4;A: at leak origin
3;1,08;4022;3971;4;A: at leak origin
3;1,08;3452;3401;4;A: at leak origin
3;1,08;3567;3516;4;A: at leak origin
3;1,08;4423;4372;4;A: at leak origin
3;1,08;4336;4285;4;A: at leak origin
3;1,08;3951;3900;4;A: at leak origin
3;1,08;3457;3406;4;A: at leak origin
3;1,08;3390;3339;4;A: at leak origin
3;1,08;4034;3983;4;A: at leak origin
3;1,08;4016;3965;4;A: at leak origin
4;1,44;6211;6089;4;A: at leak origin
4;1,44;5565;5443;4;A: at leak origin
4;1,44;5074;4952;4;A: at leak origin
4;1,44;4269;4147;4;A: at leak origin
4;1,44;3723;3601;4;A: at leak origin
4;1,44;4094;3972;4;A: at leak origin
4;1,44;4671;4549;4;A: at leak origin
4;1,44;5420;5298;4;A: at leak origin
4;1,44;6298;6176;4;A: at leak origin
4;1,44;6613;6491;4;A: at leak origin
4;1,44;6513;6391;4;A: at leak origin
4;1,44;6414;6292;4;A: at leak origin
4;1,44;6416;6294;4;A: at leak origin
4;1,44;6428;6306;4;A: at leak origin
4;1,44;6478;6356;4;A: at leak origin
4;1,44;6549;6427;4;A: at leak origin
4;1,44;6642;6520;4;A: at leak origin
4;1,44;6204;6082;4;A: at leak origin
4;1,44;5808;5686;4;A: at leak origin
4;1,44;5918;5796;4;A: at leak origin
4;1,44;6068;5946;4;A: at leak origin
4;1,44;6064;5942;4;A: at leak origin
4;1,44;5891;5769;4;A: at leak origin
4;1,44;5534;5412;4;A: at leak origin
4;1,44;5459;5337;4;A: at leak origin
4;1,44;5486;5364;4;A: at leak origin
4;1,44;5898;5776;4;A: at leak origin
4;1,44;5948;5826;4;A: at leak origin
4;1,44;6031;5909;4;A: at leak origin
4;1,44;5912;5790;4;A: at leak origin
4;1,44;6157;6035;4;A: at leak origin
4;1,44;6454;6332;4;A: at leak origin
4;1,44;6686;6564;4;A: at leak origin
4;1,44;6436;6314;4;A: at leak origin
4;1,44;5394;5272;4;A: at leak origin
4;1,44;5074;4952;4;A: at leak origin
4;1,44;4959;4837;4;A: at leak origin
4;1,44;4873;4751;4;A: at leak origin
4;1,44;4684;4562;4;A: at leak origin
4;1,44;4865;4743;4;A: at leak origin
4;1,44;4638;4516;4;A: at leak origin
4;1,44;5585;5463;4;A: at leak origin
4;1,44;6291;6169;4;A: at leak origin
4;1,44;5655;5533;4;A: at leak origin
4;1,44;5585;5463;4;A: at leak origin
4;1,44;5865;5743;4;A: at leak origin
4;1,44;5943;5821;4;A: at leak origin
4;1,44;5086;4964;4;A: at leak origin
4;1,44;5022;4900;4;A: at leak origin
4;1,44;5901;5779;4;A: at leak origin
4;1,44;6403;6281;4;A: at leak origin
4;1,44;6194;6072;4;A: at leak origin
4;1,44;6526;6404;4;A: at leak origin
4;1,44;5769;5647;4;A: at leak origin
4;1,44;6100;5978;4;A: at leak origin
4;1,44;6458;6336;4;A: at leak origin
4;1,44;6578;6456;4;A: at leak origin
4;1,44;5542;5420;4;A: at leak origin
4;1,44;5810;5688;4;A: at leak origin
4;1,44;6099;5977;4;A: at leak origin
4;1,44;5229;5107;4;A: at leak origin
4;1,44;5126;5004;4;A: at leak origin
4;1,44;4392;4270;4;A: at leak origin
4;1,44;4384;4262;4;A: at leak origin
4;1,44;4888;4766;4;A: at leak origin
4;1,44;5454;5332;4;A: at leak origin
4;1,44;5619;5497;4;A: at leak origin
4;1,44;6364;6242;4;A: at leak origin
4;1,44;5957;5835;4;A: at leak origin
4;1,44;4692;4570;4;A: at leak origin
4;1,44;5462;5340;4;A: at leak origin
4;1,44;5471;5349;4;A: at leak origin
4;1,44;4324;4202;4;A: at leak origin
4;1,44;4251;4129;4;A: at leak origin
4;1,44;4573;4451;4;A: at leak origin
4;1,44;4369;4247;4;A: at leak origin
4;1,44;4896;4774;4;A: at leak origin
4;1,44;4798;4676;4;A: at leak origin
4;1,44;4996;4874;4;A: at leak origin
4;1,44;4180;4058;4;A: at leak origin
4;1,44;3622;3500;4;A: at leak origin
4;1,44;3964;3842;4;A: at leak origin
4;1,44;4680;4558;4;A: at leak origin
4;1,44;5514;5392;4;A: at leak origin
4;1,44;4876;4754;4;A: at leak origin
4;1,44;4251;4129;4;A: at leak origin
4;1,44;4248;4126;4;A: at leak origin
4;1,44;4479;4357;4;A: at leak origin
4;1,44;4481;4359;4;A: at leak origin
4;1,44;4068;3946;4;A: at leak origin
4;1,44;3969;3847;4;A: at leak origin
4;1,44;4385;4263;4;A: at leak origin
4;1,44;4276;4154;4;A: at leak origin
4;1,44;3964;3842;4;A: at leak origin
4;1,44;3887;3765;4;A: at leak origin
4;1,44;4327;4205;4;A: at leak origin
4;1,44;4803;4681;4;A: at leak origin
4;1,44;5720;5598;4;A: at leak origin
4;1,44;6044;5922;4;A: at leak origin
4;1,44;6041;5919;4;A: at leak origin
4;1,44;5970;5848;4;A: at leak origin
4;1,44;6223;6101;4;A: at leak origin
0;0;106;106;2;B: lower leak origin
0;0;163;163;2;B: lower leak origin
0;0;116;116;2;B: lower leak origin
0;0;120;120;2;B: lower leak origin
1;0,36;457;351;2;B: lower leak origin
1;0,36;300;194;2;B: lower leak origin
1;0,36;227;121;2;B: lower leak origin
1;0,36;263;157;2;B: lower leak origin
1;0,36;254;148;2;B: lower leak origin
1;0,36;294;188;2;B: lower leak origin
1;0,36;343;237;2;B: lower leak origin
1;0,36;226;120;2;B: lower leak origin
1;0,36;150;44;2;B: lower leak origin
1;0,36;112;6;2;B: lower leak origin
1;0,36;114;8;2;B: lower leak origin
1;0,36;115;9;2;B: lower leak origin
1;0,36;110;4;2;B: lower leak origin
1;0,36;114;8;2;B: lower leak origin
1;0,36;120;14;2;B: lower leak origin
1;0,36;118;12;2;B: lower leak origin
1;0,36;119;13;2;B: lower leak origin
1;0,36;125;19;2;B: lower leak origin
1;0,36;138;32;2;B: lower leak origin
1;0,36;253;147;2;B: lower leak origin
1;0,36;210;104;2;B: lower leak origin
1;0,36;173;67;2;B: lower leak origin
1;0,36;138;32;2;B: lower leak origin
1;0,36;135;29;2;B: lower leak origin
1;0,36;128;22;2;B: lower leak origin
1;0,36;131;25;2;B: lower leak origin
1;0,36;118;12;2;B: lower leak origin
1;0,36;119;13;2;B: lower leak origin
1;0,36;116;10;2;B: lower leak origin
1;0,36;120;14;2;B: lower leak origin
1;0,36;128;22;2;B: lower leak origin
1;0,36;126;20;2;B: lower leak origin
1;0,36;112;6;2;B: lower leak origin
1;0,36;106;0;2;B: lower leak origin
1;0,36;121;15;2;B: lower leak origin
1;0,36;136;30;2;B: lower leak origin
1;0,36;151;45;2;B: lower leak origin
1;0,36;159;53;2;B: lower leak origin
1;0,36;254;148;2;B: lower leak origin
1;0,36;426;320;2;B: lower leak origin
1;0,36;560;454;2;B: lower leak origin
1;0,36;615;509;2;B: lower leak origin
1;0,36;497;391;2;B: lower leak origin
1;0,36;642;536;2;B: lower leak origin
1;0,36;595;489;2;B: lower leak origin
1;0,36;574;468;2;B: lower leak origin
1;0,36;500;394;2;B: lower leak origin
1;0,36;362;256;2;B: lower leak origin
1;0,36;355;249;2;B: lower leak origin
1;0,36;400;294;2;B: lower leak origin
1;0,36;405;299;2;B: lower leak origin
1;0,36;394;288;2;B: lower leak origin
1;0,36;414;308;2;B: lower leak origin
1;0,36;420;314;2;B: lower leak origin
1;0,36;439;333;2;B: lower leak origin
1;0,36;403;297;2;B: lower leak origin
1;0,36;394;288;2;B: lower leak origin
1;0,36;490;384;2;B: lower leak origin
1;0,36;485;379;2;B: lower leak origin
1;0,36;389;283;2;B: lower leak origin
1;0,36;379;273;2;B: lower leak origin
1;0,36;371;265;2;B: lower leak origin
1;0,36;351;245;2;B: lower leak origin
1;0,36;317;211;2;B: lower leak origin
1;0,36;292;186;2;B: lower leak origin
1;0,36;451;345;2;B: lower leak origin
1;0,36;338;232;2;B: lower leak origin
1;0,36;226;120;2;B: lower leak origin
1;0,36;227;121;2;B: lower leak origin
1;0,36;244;138;2;B: lower leak origin
1;0,36;260;154;2;B: lower leak origin
1;0,36;291;185;2;B: lower leak origin
1;0,36;256;150;2;B: lower leak origin
1;0,36;315;209;2;B: lower leak origin
1;0,36;395;289;2;B: lower leak origin
1;0,36;345;239;2;B: lower leak origin
1;0,36;249;143;2;B: lower leak origin
1;0,36;240;134;2;B: lower leak origin
1;0,36;243;137;2;B: lower leak origin
1;0,36;258;152;2;B: lower leak origin
1;0,36;257;151;2;B: lower leak origin
1;0,36;279;173;2;B: lower leak origin
1;0,36;415;309;2;B: lower leak origin
1;0,36;621;515;2;B: lower leak origin
1;0,36;870;764;2;B: lower leak origin
1;0,36;1000;894;2;B: lower leak origin
1;0,36;1326;1220;2;B: lower leak origin
1;0,36;765;659;2;B: lower leak origin
1;0,36;449;343;2;B: lower leak origin
1;0,36;310;204;2;B: lower leak origin
1;0,36;277;171;2;B: lower leak origin
1;0,36;269;163;2;B: lower leak origin
1;0,36;264;158;2;B: lower leak origin
1;0,36;265;159;2;B: lower leak origin
1;0,36;254;148;2;B: lower leak origin
1;0,36;254;148;2;B: lower leak origin
1;0,36;245;139;2;B: lower leak origin
1;0,36;227;121;2;B: lower leak origin
1;0,36;357;251;2;B: lower leak origin
2;0,72;435;272;2;B: lower leak origin
2;0,72;209;46;2;B: lower leak origin
2;0,72;189;26;2;B: lower leak origin
2;0,72;666;503;2;B: lower leak origin
2;0,72;267;104;2;B: lower leak origin
2;0,72;536;373;2;B: lower leak origin
2;0,72;540;377;2;B: lower leak origin
2;0,72;252;89;2;B: lower leak origin
2;0,72;265;102;2;B: lower leak origin
2;0,72;251;88;2;B: lower leak origin
2;0,72;554;391;2;B: lower leak origin
2;0,72;575;412;2;B: lower leak origin
2;0,72;191;28;2;B: lower leak origin
2;0,72;170;7;2;B: lower leak origin
2;0,72;163;0;2;B: lower leak origin
2;0,72;164;1;2;B: lower leak origin
2;0,72;181;18;2;B: lower leak origin
2;0,72;716;553;2;B: lower leak origin
2;0,72;542;379;2;B: lower leak origin
2;0,72;574;411;2;B: lower leak origin
2;0,72;443;280;2;B: lower leak origin
2;0,72;612;449;2;B: lower leak origin
2;0,72;1021;858;2;B: lower leak origin
2;0,72;1013;850;2;B: lower leak origin
2;0,72;496;333;2;B: lower leak origin
2;0,72;307;144;2;B: lower leak origin
2;0,72;373;210;2;B: lower leak origin
2;0,72;445;282;2;B: lower leak origin
2;0,72;639;476;2;B: lower leak origin
2;0,72;792;629;2;B: lower leak origin
2;0,72;952;789;2;B: lower leak origin
2;0,72;783;620;2;B: lower leak origin
2;0,72;711;548;2;B: lower leak origin
2;0,72;715;552;2;B: lower leak origin
2;0,72;741;578;2;B: lower leak origin
2;0,72;706;543;2;B: lower leak origin
2;0,72;659;496;2;B: lower leak origin
2;0,72;745;582;2;B: lower leak origin
2;0,72;709;546;2;B: lower leak origin
2;0,72;717;554;2;B: lower leak origin
2;0,72;701;538;2;B: lower leak origin
2;0,72;678;515;2;B: lower leak origin
2;0,72;813;650;2;B: lower leak origin
2;0,72;1301;1138;2;B: lower leak origin
2;0,72;1496;1333;2;B: lower leak origin
2;0,72;1585;1422;2;B: lower leak origin
2;0,72;2061;1898;2;B: lower leak origin
2;0,72;1891;1728;2;B: lower leak origin
2;0,72;2238;2075;2;B: lower leak origin
2;0,72;1376;1213;2;B: lower leak origin
2;0,72;2026;1863;2;B: lower leak origin
2;0,72;1334;1171;2;B: lower leak origin
2;0,72;1127;964;2;B: lower leak origin
2;0,72;939;776;2;B: lower leak origin
2;0,72;1731;1568;2;B: lower leak origin
2;0,72;2270;2107;2;B: lower leak origin
2;0,72;2395;2232;2;B: lower leak origin
2;0,72;2114;1951;2;B: lower leak origin
2;0,72;2153;1990;2;B: lower leak origin
2;0,72;1948;1785;2;B: lower leak origin
2;0,72;1817;1654;2;B: lower leak origin
2;0,72;1947;1784;2;B: lower leak origin
2;0,72;1325;1162;2;B: lower leak origin
2;0,72;903;740;2;B: lower leak origin
2;0,72;1111;948;2;B: lower leak origin
2;0,72;1232;1069;2;B: lower leak origin
2;0,72;1121;958;2;B: lower leak origin
2;0,72;1040;877;2;B: lower leak origin
2;0,72;857;694;2;B: lower leak origin
2;0,72;749;586;2;B: lower leak origin
2;0,72;614;451;2;B: lower leak origin
2;0,72;535;372;2;B: lower leak origin
2;0,72;389;226;2;B: lower leak origin
2;0,72;334;171;2;B: lower leak origin
2;0,72;324;161;2;B: lower leak origin
2;0,72;309;146;2;B: lower leak origin
2;0,72;314;151;2;B: lower leak origin
2;0,72;339;176;2;B: lower leak origin
2;0,72;333;170;2;B: lower leak origin
2;0,72;352;189;2;B: lower leak origin
2;0,72;334;171;2;B: lower leak origin
2;0,72;306;143;2;B: lower leak origin
2;0,72;301;138;2;B: lower leak origin
2;0,72;265;102;2;B: lower leak origin
2;0,72;258;95;2;B: lower leak origin
2;0,72;474;311;2;B: lower leak origin
2;0,72;1463;1300;2;B: lower leak origin
2;0,72;1193;1030;2;B: lower leak origin
2;0,72;1761;1598;2;B: lower leak origin
2;0,72;988;825;2;B: lower leak origin
2;0,72;636;473;2;B: lower leak origin
2;0,72;596;433;2;B: lower leak origin
2;0,72;606;443;2;B: lower leak origin
2;0,72;784;621;2;B: lower leak origin
2;0,72;1812;1649;2;B: lower leak origin
2;0,72;1472;1309;2;B: lower leak origin
2;0,72;1691;1528;2;B: lower leak origin
2;0,72;2329;2166;2;B: lower leak origin
2;0,72;3030;2867;2;B: lower leak origin
2;0,72;2721;2558;2;B: lower leak origin
2;0,72;2244;2081;2;B: lower leak origin
2;0,72;2068;1905;2;B: lower leak origin
3;1,08;167;51;2;B: lower leak origin
3;1,08;134;18;2;B: lower leak origin
3;1,08;116;0;2;B: lower leak origin
3;1,08;120;4;2;B: lower leak origin
3;1,08;587;471;2;B: lower leak origin
3;1,08;322;206;2;B: lower leak origin
3;1,08;317;201;2;B: lower leak origin
3;1,08;297;181;2;B: lower leak origin
3;1,08;191;75;2;B: lower leak origin
3;1,08;148;32;2;B: lower leak origin
3;1,08;146;30;2;B: lower leak origin
3;1,08;152;36;2;B: lower leak origin
3;1,08;188;72;2;B: lower leak origin
3;1,08;172;56;2;B: lower leak origin
3;1,08;150;34;2;B: lower leak origin
3;1,08;140;24;2;B: lower leak origin
3;1,08;139;23;2;B: lower leak origin
3;1,08;140;24;2;B: lower leak origin
3;1,08;139;23;2;B: lower leak origin
3;1,08;141;25;2;B: lower leak origin
3;1,08;147;31;2;B: lower leak origin
3;1,08;148;32;2;B: lower leak origin
3;1,08;197;81;2;B: lower leak origin
3;1,08;1052;936;2;B: lower leak origin
3;1,08;1610;1494;2;B: lower leak origin
3;1,08;1760;1644;2;B: lower leak origin
3;1,08;2589;2473;2;B: lower leak origin
3;1,08;3855;3739;2;B: lower leak origin
3;1,08;2925;2809;2;B: lower leak origin
3;1,08;3516;3400;2;B: lower leak origin
3;1,08;4984;4868;2;B: lower leak origin
3;1,08;4761;4645;2;B: lower leak origin
3;1,08;4572;4456;2;B: lower leak origin
3;1,08;4241;4125;2;B: lower leak origin
3;1,08;3883;3767;2;B: lower leak origin
3;1,08;3016;2900;2;B: lower leak origin
3;1,08;2461;2345;2;B: lower leak origin
3;1,08;2230;2114;2;B: lower leak origin
3;1,08;1874;1758;2;B: lower leak origin
3;1,08;1319;1203;2;B: lower leak origin
3;1,08;662;546;2;B: lower leak origin
3;1,08;438;322;2;B: lower leak origin
3;1,08;337;221;2;B: lower leak origin
3;1,08;192;76;2;B: lower leak origin
3;1,08;189;73;2;B: lower leak origin
3;1,08;164;48;2;B: lower leak origin
3;1,08;142;26;2;B: lower leak origin
3;1,08;142;26;2;B: lower leak origin
3;1,08;141;25;2;B: lower leak origin
3;1,08;154;38;2;B: lower leak origin
3;1,08;159;43;2;B: lower leak origin
3;1,08;156;40;2;B: lower leak origin
3;1,08;166;50;2;B: lower leak origin
3;1,08;212;96;2;B: lower leak origin
3;1,08;198;82;2;B: lower leak origin
3;1,08;167;51;2;B: lower leak origin
3;1,08;558;442;2;B: lower leak origin
3;1,08;1468;1352;2;B: lower leak origin
3;1,08;1678;1562;2;B: lower leak origin
3;1,08;1095;979;2;B: lower leak origin
3;1,08;1308;1192;2;B: lower leak origin
3;1,08;800;684;2;B: lower leak origin
3;1,08;480;364;2;B: lower leak origin
3;1,08;666;550;2;B: lower leak origin
3;1,08;470;354;2;B: lower leak origin
3;1,08;243;127;2;B: lower leak origin
3;1,08;151;35;2;B: lower leak origin
3;1,08;151;35;2;B: lower leak origin
3;1,08;143;27;2;B: lower leak origin
3;1,08;139;23;2;B: lower leak origin
3;1,08;138;22;2;B: lower leak origin
3;1,08;141;25;2;B: lower leak origin
3;1,08;140;24;2;B: lower leak origin
3;1,08;143;27;2;B: lower leak origin
3;1,08;139;23;2;B: lower leak origin
3;1,08;139;23;2;B: lower leak origin
3;1,08;142;26;2;B: lower leak origin
3;1,08;151;35;2;B: lower leak origin
3;1,08;158;42;2;B: lower leak origin
3;1,08;141;25;2;B: lower leak origin
3;1,08;143;27;2;B: lower leak origin
3;1,08;143;27;2;B: lower leak origin
3;1,08;146;30;2;B: lower leak origin
3;1,08;162;46;2;B: lower leak origin
3;1,08;396;280;2;B: lower leak origin
3;1,08;788;672;2;B: lower leak origin
3;1,08;1301;1185;2;B: lower leak origin
3;1,08;884;768;2;B: lower leak origin
3;1,08;619;503;2;B: lower leak origin
3;1,08;1012;896;2;B: lower leak origin
3;1,08;687;571;2;B: lower leak origin
3;1,08;1663;1547;2;B: lower leak origin
3;1,08;3190;3074;2;B: lower leak origin
3;1,08;2885;2769;2;B: lower leak origin
3;1,08;2784;2668;2;B: lower leak origin
3;1,08;3392;3276;2;B: lower leak origin
3;1,08;2854;2738;2;B: lower leak origin
3;1,08;2811;2695;2;B: lower leak origin
3;1,08;2980;2864;2;B: lower leak origin
3;1,08;3144;3028;2;B: lower leak origin
3;1,08;3252;3136;2;B: lower leak origin
3;1,08;2904;2788;2;B: lower leak origin
4;1,44;504;384;2;B: lower leak origin
4;1,44;304;184;2;B: lower leak origin
4;1,44;335;215;2;B: lower leak origin
4;1,44;367;247;2;B: lower leak origin
4;1,44;416;296;2;B: lower leak origin
4;1,44;924;804;2;B: lower leak origin
4;1,44;855;735;2;B: lower leak origin
4;1,44;261;141;2;B: lower leak origin
4;1,44;187;67;2;B: lower leak origin
4;1,44;148;28;2;B: lower leak origin
4;1,44;127;7;2;B: lower leak origin
4;1,44;121;1;2;B: lower leak origin
4;1,44;125;5;2;B: lower leak origin
4;1,44;134;14;2;B: lower leak origin
4;1,44;127;7;2;B: lower leak origin
4;1,44;122;2;2;B: lower leak origin
4;1,44;121;1;2;B: lower leak origin
4;1,44;123;3;2;B: lower leak origin
4;1,44;125;5;2;B: lower leak origin
4;1,44;120;0;2;B: lower leak origin
4;1,44;121;1;2;B: lower leak origin
4;1,44;144;24;2;B: lower leak origin
4;1,44;166;46;2;B: lower leak origin
4;1,44;131;11;2;B: lower leak origin
4;1,44;132;12;2;B: lower leak origin
4;1,44;200;80;2;B: lower leak origin
4;1,44;141;21;2;B: lower leak origin
4;1,44;160;40;2;B: lower leak origin
4;1,44;254;134;2;B: lower leak origin
4;1,44;241;121;2;B: lower leak origin
4;1,44;324;204;2;B: lower leak origin
4;1,44;467;347;2;B: lower leak origin
4;1,44;232;112;2;B: lower leak origin
4;1,44;234;114;2;B: lower leak origin
4;1,44;222;102;2;B: lower leak origin
4;1,44;227;107;2;B: lower leak origin
4;1,44;207;87;2;B: lower leak origin
4;1,44;187;67;2;B: lower leak origin
4;1,44;184;64;2;B: lower leak origin
4;1,44;305;185;2;B: lower leak origin
4;1,44;956;836;2;B: lower leak origin
4;1,44;1266;1146;2;B: lower leak origin
4;1,44;1240;1120;2;B: lower leak origin
4;1,44;418;298;2;B: lower leak origin
4;1,44;369;249;2;B: lower leak origin
4;1,44;279;159;2;B: lower leak origin
4;1,44;272;152;2;B: lower leak origin
4;1,44;273;153;2;B: lower leak origin
4;1,44;308;188;2;B: lower leak origin
4;1,44;348;228;2;B: lower leak origin
4;1,44;343;223;2;B: lower leak origin
4;1,44;315;195;2;B: lower leak origin
4;1,44;305;185;2;B: lower leak origin
4;1,44;330;210;2;B: lower leak origin
4;1,44;327;207;2;B: lower leak origin
4;1,44;297;177;2;B: lower leak origin
4;1,44;278;158;2;B: lower leak origin
4;1,44;250;130;2;B: lower leak origin
4;1,44;226;106;2;B: lower leak origin
4;1,44;224;104;2;B: lower leak origin
4;1,44;239;119;2;B: lower leak origin
4;1,44;228;108;2;B: lower leak origin
4;1,44;312;192;2;B: lower leak origin
4;1,44;1618;1498;2;B: lower leak origin
4;1,44;2302;2182;2;B: lower leak origin
4;1,44;3475;3355;2;B: lower leak origin
4;1,44;3888;3768;2;B: lower leak origin
4;1,44;2056;1936;2;B: lower leak origin
4;1,44;600;480;2;B: lower leak origin
4;1,44;379;259;2;B: lower leak origin
4;1,44;315;195;2;B: lower leak origin
4;1,44;426;306;2;B: lower leak origin
4;1,44;250;130;2;B: lower leak origin
4;1,44;240;120;2;B: lower leak origin
4;1,44;310;190;2;B: lower leak origin
4;1,44;158;38;2;B: lower leak origin
4;1,44;144;24;2;B: lower leak origin
4;1,44;150;30;2;B: lower leak origin
4;1,44;152;32;2;B: lower leak origin
4;1,44;155;35;2;B: lower leak origin
4;1,44;154;34;2;B: lower leak origin
4;1,44;159;39;2;B: lower leak origin
4;1,44;158;38;2;B: lower leak origin
4;1,44;233;113;2;B: lower leak origin
4;1,44;235;115;2;B: lower leak origin
4;1,44;214;94;2;B: lower leak origin
4;1,44;419;299;2;B: lower leak origin
4;1,44;356;236;2;B: lower leak origin
4;1,44;237;117;2;B: lower leak origin
4;1,44;205;85;2;B: lower leak origin
4;1,44;187;67;2;B: lower leak origin
4;1,44;1010;890;2;B: lower leak origin
4;1,44;1152;1032;2;B: lower leak origin
4;1,44;310;190;2;B: lower leak origin
4;1,44;361;241;2;B: lower leak origin
4;1,44;518;398;2;B: lower leak origin
4;1,44;812;692;2;B: lower leak origin
4;1,44;1294;1174;2;B: lower leak origin
4;1,44;2354;2234;2;B: lower leak origin
4;1,44;784;664;2;B: lower leak origin
4;1,44;377;257;2;B: lower leak origin
4;1,44;315;195;2;B: lower leak origin
0;0;134;134;4;B: lower leak origin
0;0;134;134;4;B: lower leak origin
0;0;123;123;4;B: lower leak origin
0;0;100;100;4;B: lower leak origin
1;0,36;213;213;4;B: lower leak origin
1;0,36;212;212;4;B: lower leak origin
1;0,36;210;210;4;B: lower leak origin
1;0,36;210;210;4;B: lower leak origin
1;0,36;209;209;4;B: lower leak origin
1;0,36;200;200;4;B: lower leak origin
1;0,36;202;202;4;B: lower leak origin
1;0,36;208;208;4;B: lower leak origin
1;0,36;211;211;4;B: lower leak origin
1;0,36;208;208;4;B: lower leak origin
1;0,36;209;209;4;B: lower leak origin
1;0,36;203;203;4;B: lower leak origin
1;0,36;199;199;4;B: lower leak origin
1;0,36;198;198;4;B: lower leak origin
1;0,36;192;192;4;B: lower leak origin
1;0,36;184;184;4;B: lower leak origin
1;0,36;195;195;4;B: lower leak origin
1;0,36;198;198;4;B: lower leak origin
1;0,36;194;194;4;B: lower leak origin
1;0,36;192;192;4;B: lower leak origin
1;0,36;190;190;4;B: lower leak origin
1;0,36;193;193;4;B: lower leak origin
1;0,36;195;195;4;B: lower leak origin
1;0,36;196;196;4;B: lower leak origin
1;0,36;187;187;4;B: lower leak origin
1;0,36;188;188;4;B: lower leak origin
1;0,36;190;190;4;B: lower leak origin
1;0,36;192;192;4;B: lower leak origin
1;0,36;192;192;4;B: lower leak origin
1;0,36;190;190;4;B: lower leak origin
1;0,36;195;195;4;B: lower leak origin
1;0,36;193;193;4;B: lower leak origin
1;0,36;193;193;4;B: lower leak origin
1;0,36;192;192;4;B: lower leak origin
1;0,36;195;195;4;B: lower leak origin
1;0,36;192;192;4;B: lower leak origin
1;0,36;195;195;4;B: lower leak origin
1;0,36;196;196;4;B: lower leak origin
1;0,36;198;198;4;B: lower leak origin
1;0,36;196;196;4;B: lower leak origin
1;0,36;193;193;4;B: lower leak origin
1;0,36;199;199;4;B: lower leak origin
1;0,36;193;193;4;B: lower leak origin
1;0,36;191;191;4;B: lower leak origin
1;0,36;190;190;4;B: lower leak origin
1;0,36;195;195;4;B: lower leak origin
1;0,36;197;197;4;B: lower leak origin
1;0,36;195;195;4;B: lower leak origin
1;0,36;201;201;4;B: lower leak origin
1;0,36;199;199;4;B: lower leak origin
1;0,36;205;205;4;B: lower leak origin
1;0,36;206;206;4;B: lower leak origin
1;0,36;200;200;4;B: lower leak origin
1;0,36;201;201;4;B: lower leak origin
1;0,36;203;203;4;B: lower leak origin
1;0,36;204;204;4;B: lower leak origin
1;0,36;264;264;4;B: lower leak origin
1;0,36;235;235;4;B: lower leak origin
1;0,36;227;227;4;B: lower leak origin
1;0,36;219;219;4;B: lower leak origin
1;0,36;210;210;4;B: lower leak origin
1;0,36;204;204;4;B: lower leak origin
1;0,36;210;210;4;B: lower leak origin
1;0,36;217;217;4;B: lower leak origin
1;0,36;284;284;4;B: lower leak origin
1;0,36;284;284;4;B: lower leak origin
1;0,36;295;295;4;B: lower leak origin
1;0,36;912;912;4;B: lower leak origin
1;0,36;480;480;4;B: lower leak origin
1;0,36;328;328;4;B: lower leak origin
1;0,36;347;347;4;B: lower leak origin
1;0,36;404;404;4;B: lower leak origin
1;0,36;613;613;4;B: lower leak origin
1;0,36;565;565;4;B: lower leak origin
1;0,36;495;495;4;B: lower leak origin
1;0,36;304;304;4;B: lower leak origin
1;0,36;230;230;4;B: lower leak origin
1;0,36;256;256;4;B: lower leak origin
1;0,36;261;261;4;B: lower leak origin
1;0,36;269;269;4;B: lower leak origin
1;0,36;254;254;4;B: lower leak origin
1;0,36;233;233;4;B: lower leak origin
1;0,36;233;233;4;B: lower leak origin
1;0,36;219;219;4;B: lower leak origin
1;0,36;224;224;4;B: lower leak origin
1;0,36;228;228;4;B: lower leak origin
1;0,36;224;224;4;B: lower leak origin
1;0,36;225;225;4;B: lower leak origin
1;0,36;223;223;4;B: lower leak origin
1;0,36;223;223;4;B: lower leak origin
1;0,36;222;222;4;B: lower leak origin
1;0,36;225;225;4;B: lower leak origin
1;0,36;226;226;4;B: lower leak origin
1;0,36;230;230;4;B: lower leak origin
1;0,36;228;228;4;B: lower leak origin
1;0,36;231;231;4;B: lower leak origin
1;0,36;228;228;4;B: lower leak origin
1;0,36;228;228;4;B: lower leak origin
1;0,36;228;228;4;B: lower leak origin
1;0,36;225;225;4;B: lower leak origin
1;0,36;227;227;4;B: lower leak origin
1;0,36;230;230;4;B: lower leak origin
1;0,36;229;229;4;B: lower leak origin
1;0,36;238;238;4;B: lower leak origin
1;0,36;239;239;4;B: lower leak origin
2;0,72;213;213;4;B: lower leak origin
2;0,72;210;210;4;B: lower leak origin
2;0,72;209;209;4;B: lower leak origin
2;0,72;214;214;4;B: lower leak origin
2;0,72;212;212;4;B: lower leak origin
2;0,72;213;213;4;B: lower leak origin
2;0,72;215;215;4;B: lower leak origin
2;0,72;210;210;4;B: lower leak origin
2;0,72;215;215;4;B: lower leak origin
2;0,72;221;221;4;B: lower leak origin
2;0,72;236;236;4;B: lower leak origin
2;0,72;295;295;4;B: lower leak origin
2;0,72;258;258;4;B: lower leak origin
2;0,72;254;254;4;B: lower leak origin
2;0,72;252;252;4;B: lower leak origin
2;0,72;257;257;4;B: lower leak origin
2;0,72;257;257;4;B: lower leak origin
2;0,72;417;417;4;B: lower leak origin
2;0,72;901;901;4;B: lower leak origin
2;0,72;707;707;4;B: lower leak origin
2;0,72;593;593;4;B: lower leak origin
2;0,72;565;565;4;B: lower leak origin
2;0,72;405;405;4;B: lower leak origin
2;0,72;342;342;4;B: lower leak origin
2;0,72;324;324;4;B: lower leak origin
2;0,72;293;293;4;B: lower leak origin
2;0,72;261;261;4;B: lower leak origin
2;0,72;235;235;4;B: lower leak origin
2;0,72;210;210;4;B: lower leak origin
2;0,72;203;203;4;B: lower leak origin
2;0,72;210;210;4;B: lower leak origin
2;0,72;219;219;4;B: lower leak origin
2;0,72;216;216;4;B: lower leak origin
2;0,72;215;215;4;B: lower leak origin
2;0,72;214;214;4;B: lower leak origin
2;0,72;211;211;4;B: lower leak origin
2;0,72;212;212;4;B: lower leak origin
2;0,72;214;214;4;B: lower leak origin
2;0,72;216;216;4;B: lower leak origin
2;0,72;221;221;4;B: lower leak origin
2;0,72;222;222;4;B: lower leak origin
2;0,72;228;228;4;B: lower leak origin
2;0,72;226;226;4;B: lower leak origin
2;0,72;226;226;4;B: lower leak origin
2;0,72;227;227;4;B: lower leak origin
2;0,72;242;242;4;B: lower leak origin
2;0,72;296;296;4;B: lower leak origin
2;0,72;315;315;4;B: lower leak origin
2;0,72;310;310;4;B: lower leak origin
2;0,72;303;303;4;B: lower leak origin
2;0,72;292;292;4;B: lower leak origin
2;0,72;291;291;4;B: lower leak origin
2;0,72;254;254;4;B: lower leak origin
2;0,72;271;271;4;B: lower leak origin
2;0,72;323;323;4;B: lower leak origin
2;0,72;341;341;4;B: lower leak origin
2;0,72;363;363;4;B: lower leak origin
2;0,72;391;391;4;B: lower leak origin
2;0,72;389;389;4;B: lower leak origin
2;0,72;382;382;4;B: lower leak origin
2;0,72;296;296;4;B: lower leak origin
2;0,72;275;275;4;B: lower leak origin
2;0,72;258;258;4;B: lower leak origin
2;0,72;284;284;4;B: lower leak origin
2;0,72;294;294;4;B: lower leak origin
2;0,72;308;308;4;B: lower leak origin
2;0,72;334;334;4;B: lower leak origin
2;0,72;345;345;4;B: lower leak origin
2;0,72;417;417;4;B: lower leak origin
2;0,72;1346;1346;4;B: lower leak origin
2;0,72;1905;1905;4;B: lower leak origin
2;0,72;1056;1056;4;B: lower leak origin
2;0,72;786;786;4;B: lower leak origin
2;0,72;915;915;4;B: lower leak origin
2;0,72;966;966;4;B: lower leak origin
2;0,72;850;850;4;B: lower leak origin
2;0,72;889;889;4;B: lower leak origin
2;0,72;882;882;4;B: lower leak origin
2;0,72;739;739;4;B: lower leak origin
2;0,72;670;670;4;B: lower leak origin
2;0,72;622;622;4;B: lower leak origin
2;0,72;634;634;4;B: lower leak origin
2;0,72;642;642;4;B: lower leak origin
2;0,72;591;591;4;B: lower leak origin
2;0,72;554;554;4;B: lower leak origin
2;0,72;527;527;4;B: lower leak origin
2;0,72;513;513;4;B: lower leak origin
2;0,72;622;622;4;B: lower leak origin
2;0,72;2801;2801;4;B: lower leak origin
2;0,72;2432;2432;4;B: lower leak origin
2;0,72;1159;1159;4;B: lower leak origin
2;0,72;1263;1263;4;B: lower leak origin
2;0,72;2697;2697;4;B: lower leak origin
2;0,72;3007;3007;4;B: lower leak origin
2;0,72;2326;2326;4;B: lower leak origin
2;0,72;2433;2433;4;B: lower leak origin
2;0,72;2839;2839;4;B: lower leak origin
2;0,72;1851;1851;4;B: lower leak origin
2;0,72;1515;1515;4;B: lower leak origin
2;0,72;2210;2210;4;B: lower leak origin
2;0,72;2513;2513;4;B: lower leak origin
2;0,72;2032;2032;4;B: lower leak origin
3;1,08;277;277;4;B: lower leak origin
3;1,08;239;239;4;B: lower leak origin
3;1,08;229;229;4;B: lower leak origin
3;1,08;264;264;4;B: lower leak origin
3;1,08;1204;1204;4;B: lower leak origin
3;1,08;973;973;4;B: lower leak origin
3;1,08;594;594;4;B: lower leak origin
3;1,08;409;409;4;B: lower leak origin
3;1,08;291;291;4;B: lower leak origin
3;1,08;338;338;4;B: lower leak origin
3;1,08;234;234;4;B: lower leak origin
3;1,08;227;227;4;B: lower leak origin
3;1,08;214;214;4;B: lower leak origin
3;1,08;275;275;4;B: lower leak origin
3;1,08;311;311;4;B: lower leak origin
3;1,08;450;450;4;B: lower leak origin
3;1,08;382;382;4;B: lower leak origin
3;1,08;247;247;4;B: lower leak origin
3;1,08;226;226;4;B: lower leak origin
3;1,08;214;214;4;B: lower leak origin
3;1,08;235;235;4;B: lower leak origin
3;1,08;240;240;4;B: lower leak origin
3;1,08;221;221;4;B: lower leak origin
3;1,08;265;265;4;B: lower leak origin
3;1,08;335;335;4;B: lower leak origin
3;1,08;250;250;4;B: lower leak origin
3;1,08;241;241;4;B: lower leak origin
3;1,08;259;259;4;B: lower leak origin
3;1,08;219;219;4;B: lower leak origin
3;1,08;212;212;4;B: lower leak origin
3;1,08;214;214;4;B: lower leak origin
3;1,08;342;342;4;B: lower leak origin
3;1,08;452;452;4;B: lower leak origin
3;1,08;362;362;4;B: lower leak origin
3;1,08;706;706;4;B: lower leak origin
3;1,08;431;431;4;B: lower leak origin
3;1,08;421;421;4;B: lower leak origin
3;1,08;1388;1388;4;B: lower leak origin
3;1,08;1127;1127;4;B: lower leak origin
3;1,08;1134;1134;4;B: lower leak origin
3;1,08;1861;1861;4;B: lower leak origin
3;1,08;2225;2225;4;B: lower leak origin
3;1,08;2619;2619;4;B: lower leak origin
3;1,08;2372;2372;4;B: lower leak origin
3;1,08;1784;1784;4;B: lower leak origin
3;1,08;1114;1114;4;B: lower leak origin
3;1,08;852;852;4;B: lower leak origin
3;1,08;706;706;4;B: lower leak origin
3;1,08;915;915;4;B: lower leak origin
3;1,08;1112;1112;4;B: lower leak origin
3;1,08;1247;1247;4;B: lower leak origin
3;1,08;1479;1479;4;B: lower leak origin
3;1,08;1649;1649;4;B: lower leak origin
3;1,08;1596;1596;4;B: lower leak origin
3;1,08;1408;1408;4;B: lower leak origin
3;1,08;1346;1346;4;B: lower leak origin
3;1,08;1259;1259;4;B: lower leak origin
3;1,08;1160;1160;4;B: lower leak origin
3;1,08;964;964;4;B: lower leak origin
3;1,08;658;658;4;B: lower leak origin
3;1,08;607;607;4;B: lower leak origin
3;1,08;515;515;4;B: lower leak origin
3;1,08;465;465;4;B: lower leak origin
3;1,08;512;512;4;B: lower leak origin
3;1,08;606;606;4;B: lower leak origin
3;1,08;705;705;4;B: lower leak origin
3;1,08;721;721;4;B: lower leak origin
3;1,08;740;740;4;B: lower leak origin
3;1,08;716;716;4;B: lower leak origin
3;1,08;1055;1055;4;B: lower leak origin
3;1,08;3642;3642;4;B: lower leak origin
3;1,08;4447;4447;4;B: lower leak origin
3;1,08;4690;4690;4;B: lower leak origin
3;1,08;5029;5029;4;B: lower leak origin
3;1,08;5084;5084;4;B: lower leak origin
3;1,08;4330;4330;4;B: lower leak origin
3;1,08;3231;3231;4;B: lower leak origin
3;1,08;1984;1984;4;B: lower leak origin
3;1,08;1208;1208;4;B: lower leak origin
3;1,08;1158;1158;4;B: lower leak origin
3;1,08;1772;1772;4;B: lower leak origin
3;1,08;1790;1790;4;B: lower leak origin
3;1,08;1390;1390;4;B: lower leak origin
3;1,08;1062;1062;4;B: lower leak origin
3;1,08;1033;1033;4;B: lower leak origin
3;1,08;738;738;4;B: lower leak origin
3;1,08;495;495;4;B: lower leak origin
3;1,08;449;449;4;B: lower leak origin
3;1,08;392;392;4;B: lower leak origin
3;1,08;362;362;4;B: lower leak origin
3;1,08;346;346;4;B: lower leak origin
3;1,08;354;354;4;B: lower leak origin
3;1,08;343;343;4;B: lower leak origin
3;1,08;320;320;4;B: lower leak origin
3;1,08;327;327;4;B: lower leak origin
3;1,08;347;347;4;B: lower leak origin
3;1,08;351;351;4;B: lower leak origin
3;1,08;382;382;4;B: lower leak origin
3;1,08;485;485;4;B: lower leak origin
3;1,08;375;375;4;B: lower leak origin
3;1,08;339;339;4;B: lower leak origin
3;1,08;337;337;4;B: lower leak origin
4;1,44;591;591;4;B: lower leak origin
4;1,44;722;722;4;B: lower leak origin
4;1,44;726;726;4;B: lower leak origin
4;1,44;558;558;4;B: lower leak origin
4;1,44;493;493;4;B: lower leak origin
4;1,44;464;464;4;B: lower leak origin
4;1,44;470;470;4;B: lower leak origin
4;1,44;424;424;4;B: lower leak origin
4;1,44;430;430;4;B: lower leak origin
4;1,44;536;536;4;B: lower leak origin
4;1,44;498;498;4;B: lower leak origin
4;1,44;522;522;4;B: lower leak origin
4;1,44;650;650;4;B: lower leak origin
4;1,44;733;733;4;B: lower leak origin
4;1,44;2059;2059;4;B: lower leak origin
4;1,44;1110;1110;4;B: lower leak origin
4;1,44;1709;1709;4;B: lower leak origin
4;1,44;2440;2440;4;B: lower leak origin
4;1,44;1467;1467;4;B: lower leak origin
4;1,44;815;815;4;B: lower leak origin
4;1,44;1149;1149;4;B: lower leak origin
4;1,44;2885;2885;4;B: lower leak origin
4;1,44;2041;2041;4;B: lower leak origin
4;1,44;2242;2242;4;B: lower leak origin
4;1,44;2053;2053;4;B: lower leak origin
4;1,44;1715;1715;4;B: lower leak origin
4;1,44;2864;2864;4;B: lower leak origin
4;1,44;3201;3201;4;B: lower leak origin
4;1,44;1299;1299;4;B: lower leak origin
4;1,44;739;739;4;B: lower leak origin
4;1,44;567;567;4;B: lower leak origin
4;1,44;460;460;4;B: lower leak origin
4;1,44;454;454;4;B: lower leak origin
4;1,44;472;472;4;B: lower leak origin
4;1,44;489;489;4;B: lower leak origin
4;1,44;494;494;4;B: lower leak origin
4;1,44;460;460;4;B: lower leak origin
4;1,44;396;396;4;B: lower leak origin
4;1,44;387;387;4;B: lower leak origin
4;1,44;390;390;4;B: lower leak origin
4;1,44;549;549;4;B: lower leak origin
4;1,44;1194;1194;4;B: lower leak origin
4;1,44;1624;1624;4;B: lower leak origin
4;1,44;747;747;4;B: lower leak origin
4;1,44;454;454;4;B: lower leak origin
4;1,44;364;364;4;B: lower leak origin
4;1,44;364;364;4;B: lower leak origin
4;1,44;386;386;4;B: lower leak origin
4;1,44;382;382;4;B: lower leak origin
4;1,44;371;371;4;B: lower leak origin
4;1,44;497;497;4;B: lower leak origin
4;1,44;713;713;4;B: lower leak origin
4;1,44;702;702;4;B: lower leak origin
4;1,44;423;423;4;B: lower leak origin
4;1,44;363;363;4;B: lower leak origin
4;1,44;419;419;4;B: lower leak origin
4;1,44;550;550;4;B: lower leak origin
4;1,44;509;509;4;B: lower leak origin
4;1,44;469;469;4;B: lower leak origin
4;1,44;403;403;4;B: lower leak origin
4;1,44;384;384;4;B: lower leak origin
4;1,44;357;357;4;B: lower leak origin
4;1,44;346;346;4;B: lower leak origin
4;1,44;325;325;4;B: lower leak origin
4;1,44;286;286;4;B: lower leak origin
4;1,44;284;284;4;B: lower leak origin
4;1,44;281;281;4;B: lower leak origin
4;1,44;287;287;4;B: lower leak origin
4;1,44;310;310;4;B: lower leak origin
4;1,44;290;290;4;B: lower leak origin
4;1,44;291;291;4;B: lower leak origin
4;1,44;294;294;4;B: lower leak origin
4;1,44;319;319;4;B: lower leak origin
4;1,44;301;301;4;B: lower leak origin
4;1,44;311;311;4;B: lower leak origin
4;1,44;289;289;4;B: lower leak origin
4;1,44;301;301;4;B: lower leak origin
4;1,44;308;308;4;B: lower leak origin
4;1,44;314;314;4;B: lower leak origin
4;1,44;338;338;4;B: lower leak origin
4;1,44;323;323;4;B: lower leak origin
4;1,44;326;326;4;B: lower leak origin
4;1,44;339;339;4;B: lower leak origin
4;1,44;357;357;4;B: lower leak origin
4;1,44;359;359;4;B: lower leak origin
4;1,44;363;363;4;B: lower leak origin
4;1,44;366;366;4;B: lower leak origin
4;1,44;337;337;4;B: lower leak origin
4;1,44;345;345;4;B: lower leak origin
4;1,44;354;354;4;B: lower leak origin
4;1,44;350;350;4;B: lower leak origin
4;1,44;321;321;4;B: lower leak origin
4;1,44;318;318;4;B: lower leak origin
4;1,44;302;302;4;B: lower leak origin
4;1,44;290;290;4;B: lower leak origin
4;1,44;285;285;4;B: lower leak origin
4;1,44;283;283;4;B: lower leak origin
4;1,44;281;281;4;B: lower leak origin
4;1,44;292;292;4;B: lower leak origin
4;1,44;312;312;4;B: lower leak origin
4;1,44;300;300;4;B: lower leak origin
